job_id,job_title,company,location,city,state,country,employment_type,salary_min,salary_max,salary_period,remote,posted_at,apply_link,description
WTNA0MlRYqIF5XWFAAAAAA==,"Machine Learning Engineer, ASE Search Team",Apple,"Washington, DC",Washington,District of Columbia,US,Full-time,120000.0,160000.0,YEAR,False,2026-06-12 00:00:00+00:00,https://www.theladders.com/job/machine-learning-engineer-ase-search-team-apple-washington-dc_87282741,"As a Machine Learning Engineer on the Video Search team, within the Apple Services Engineering AI/ML organization, you will design and deploy large-scale ML systems that power search and discovery across Apple platforms.

You'll apply machine learning, natural language understanding, and generative AI to model user intent and deliver relevant, personalized results. Your work will involve building and optimizing cutting edge data processing, ML models, retrieval pipelines, and ranking systems that operate at global scale and under strict privacy standards.

This is a hands-on role where you will collaborate closely with cross-functional teams to bring advanced ML technologies into production-shaping how users discovery content they love in Apple TV app, cross Apple TV partners on Apple Platforms, also through Siri and Spotlight.

Experience in machine learning, NLP, IR, or more recently Large Language Model ( LLMs).
Strong programming skills in Python, Java and Go for building scalable ML systems.
Hands-on expertise in ML libraries such as PyTorch, JAX, TensorFlow for model training and deployment.
Ability to translate product goals into technical solutions, improving user experience.
Strong communication, collaboration, and analytical problem-solving skills.
In-depth knowledge of search and information retrieval fundamentals, including indexing and ranking. Experience with retrieval and ranking algorithms and building big data pipelines using Hadoop, Java, Scala, Spark and more.
Industrial experience in search, classification, recommendation systems, or related fields.
Familiarity with A/B testing and data-driven product development.
Passionate about creating products loved by customers at Apple.
Bachelor's degree or higher (or equivalent practical experience) in Computer Science, Machine Learning, Natural Language Processing, Artificial Intelligence, or a related field.

Experience with search or recommendation systems, and semantic retrieval or vector databases.
Expertise in transformer architectures, embeddings, and retrieval or ranking models.
Experience in applying or fine-tuning LLMs for understanding and generation tasks. Familiarity with prompt design, context management, RAG and Agentic architectures and solutions.
Exposure to evaluation and safety frameworks for LLM-based systems.
Knowledge of reinforcement learning and other modern post training practices for LLMs.
Passion for developing intelligent, human-centered experiences to enhance content discovery."
gGXZRQPGGEUsFyueAAAAAA==,Generative AI & Machine Learning Engineer,Thomson Reuters,"McLean, VA",McLean,Virginia,US,Full-time,,,,False,2026-06-20 00:00:00+00:00,https://www.linkedin.com/jobs/view/generative-ai-machine-learning-engineer-at-thomson-reuters-4349250403,"Are you passionate about the chance to bring your data quality improvement experience to a world class organization that is leading the way in both content and technology to serve and protect our citizens home and abroad? Do you have the skills necessary to manage, understand, and analyze inhouse and customer data including text mining, developing predictive systems, risk scoring, creating efficient algorithms, data quality improvement and other related activities? Then Thomson Reuters Special Services (TRSS) is looking for you!

About The Role

As a Generative AI and Machine Learning Engineer, you will be responsible for supporting product development efforts that range from generative AI and machine learning application development and deployment to model development and monitoring, ML management and DevOps. You will be a contributing member of a Software Engineering team that supports production applications and also helping to develop new features and models.

The role will interface with internal and external stakeholders and provide continuity of technical and data-exploration expertise to ensure we are delivering a workable solution that meets the customer requirements and technical capabilities. The position requires a proactive, mission-oriented person who strives to produce the best possible work for the customer.

As a Generative AI and Machine Learning Engineer, you will:

• Experiment and Develop: You will drive the end-to-end model development lifecycle, championing best practices to ensure reproducible research and well-managed software delivery.
• Collaborate: Working on a collaborative cross-functional team, you will share information, value diverse ideas, and partner effectively with colleagues across the globe. You will elevate and mentor teammates. You will work closely with product teams to see your work integrated and deployed into production environments.
• Deliver: With a sense of urgency and the desire to work in a fast-paced, dynamic environment, you will translate complex business problems into projects with clearly defined scope. Our problems are complex; our solutions are right-sized. You will be accountable for timely, well-managed deliverables.
• Innovate: You will be empowered to try new approaches and learn new technologies. You will foster innovative ideas to solve real-world challenges. You will iterate on improvement rapidly with a mindset for failing fast and learning continuously from data.
• Inspire: You will be a proactive communicator who is excited to share your work. You will be articulate and compelling in describing ideas to both technical and non-technical audiences. You will help lead the way in the adoption of AI across the enterprise.

About You

You're a good fit for the role of Generative AI & Machine Learning Engineer if you have:

• Master’s or Bachelor’s in a relevant discipline. Relevant experience will be considered in lieu of a degree
• Proficiency in Python
• At least 3+ years practical, relevant experience building AI/ML products and applications and recent demonstratable experience using Generative AI technologies such as RAG patterns, ReAct, LangChain etc for performing document summarization, knowledge graphs, information extraction, or analysis.
• Solid software engineering skills and experience
• Experience as a technical leader, leading aspects of the following :aiding in the ideation with product stakeholders, comfort in dealing with uncertainty and ambiguity in problem statements and paths to success, breaking down complex problems into tractable components with iterative improvements, formulating research and development plans, coordinating and working with others, communication of progress and plans with varied stakeholders
• Hands on coding experience on AI/ML projects in current role and experience in designing, developing, and implementing machine learning models and algorithms
• Ability to obtain and maintain a U.S. national security clearance
• U.S. Citizenship essential to comply with government contract/agency or department of Federal Government requirements

The following skills and tools are preferred, but not required

• 6+ years practical experience using AI and ML to solve diverse and/or ambiguous problems in academia or industry
• Experience with AI Agent frameworks and patterns
• Familiarity with common NLP use cases such as chatbot development and information retrieval (RAG), language translation, NER, summarization and topic modeling
• Familiarity with LLM training and efficient finetuning (PEFT, LoRA, Quantization)
• Experience with NLP/CV libraries such as PyTorch, TensorFlow, Scikit-learn, spaCy, HuggingFace Transformers/Diffusers, OpenAI, LangChain, Semantic Kernel & OpenCV
• Experience using Cloud solutions (AWS, Azure, etc.) for building and deploying applications
• Experience in a fast-paced, agile environment managing uncertainty and ambiguity.
• Proficiency in Python and experience delivering minimum viable products in a large enterprise environment
• Experience developing libraries and APIs for others to use
• Outstanding communication and data-driven decision-making collaboration with Product + Business Stakeholders
• Diverse experiences across problem spaces, companies and cultures

What’s in it For You?

• Hybrid Work Model: We’ve adopted a flexible hybrid working environment (2-3 days a week in the office depending on the role) for our office-based roles while delivering a seamless experience that is digitally and physically connected.
• Flexibility & Work-Life Balance: Flex My Way is a set of supportive workplace policies designed to help manage personal and professional responsibilities, whether caring for family, giving back to the community, or finding time to refresh and reset. This builds upon our flexible work arrangements, including work from anywhere for up to 8 weeks per year, empowering employees to achieve a better work-life balance.
• Career Development and Growth: By fostering a culture of continuous learning and skill development, we prepare our talent to tackle tomorrow’s challenges and deliver real-world solutions. Our Grow My Way programming and skills-first approach ensures you have the tools and knowledge to grow, lead, and thrive in an AI-enabled future.
• Industry Competitive Benefits: We offer comprehensive benefit plans to include flexible vacation, two company-wide Mental Health Days off, access to the Headspace app, retirement savings, tuition reimbursement, employee incentive programs, and resources for mental, physical, and financial wellbeing.
• Culture: Globally recognized, award-winning reputation for inclusion and belonging, flexibility, work-life balance, and more. We live by our values: Obsess over our Customers, Compete to Win, Challenge (Y)our Thinking, Act Fast / Learn Fast, and Stronger Together.
• Social Impact: Make an impact in your community with our Social Impact Institute. We offer employees two paid volunteer days off annually and opportunities to get involved with pro-bono consulting projects and Environmental, Social, and Governance (ESG) initiatives.
• Making a Real-World Impact: We are one of the few companies globally that helps its customers pursue justice, truth, and transparency. Together, with the professionals and institutions we serve, we help uphold the rule of law, turn the wheels of commerce, catch bad actors, report the facts, and provide trusted, unbiased information to people all over the world.

In the United States, Thomson Reuters offers a comprehensive benefits package to our employees. Our benefit package includes market competitive health, dental, vision, disability, and life insurance programs, as well as a competitive 401k plan with company match. In addition, Thomson Reuters offers market leading work life benefits with competitive vacation, sick and safe paid time off, paid holidays (including two company mental health days off), parental leave, sabbatical leave. These benefits meet or exceeds the requirements of paid time off in accordance with any applicable state or municipal laws. Finally, Thomson Reuters offers the following additional benefits: optional hospital, accident and sickness insurance paid 100% by the employee; optional life and AD&D insurance paid 100% by the employee; Flexible Spending and Health Savings Accounts; fitness reimbursement; access to Employee Assistance Program; Group Legal Identity Theft Protection benefit paid 100% by employee; access to 529 Plan; commuter benefits; Adoption & Surrogacy Assistance; Tuition Reimbursement; and access to Employee Stock Purchase Plan.

Thomson Reuters complies with local laws that require upfront disclosure of the expected pay range for a position. The base compensation range varies across locations. Eligible office location(s) for this role include one or more of the following: New York City, San Francisco, Los Angeles, and/or Irvine, CA; McLean, VA; Washington, DC. The base compensation range for the role in any of those locations is $136,000 USD - $253,000 USD. Base pay is positioned within the range based on several factors including an individual’s knowledge, skills and experience with consideration given to internal equity. Base pay is one part of a comprehensive Total Reward program which also includes flexible and supportive benefits and other wellbeing programs. This role may also be eligible for an Annual Bonus based on a combination of enterprise and individual performance.

About Us

Thomson Reuters informs the way forward by bringing together the trusted content and technology that people and organizations need to make the right decisions. We serve professionals across legal, tax, accounting, compliance, government, and media. Our products combine highly specialized software and insights to empower professionals with the data, intelligence, and solutions needed to make informed decisions, and to help institutions in their pursuit of justice, truth, and transparency. Reuters, part of Thomson Reuters, is a world leading provider of trusted journalism and news.

We are powered by the talents of 26,000 employees across more than 70 countries, where everyone has a chance to contribute and grow professionally in flexible work environments. At a time when objectivity, accuracy, fairness, and transparency are under attack, we consider it our duty to pursue them. Sound exciting? Join us and help shape the industries that move society forward.

As a global business, we rely on the unique backgrounds, perspectives, and experiences of all employees to deliver on our business goals. To ensure we can do that, we seek talented, qualified employees in all our operations around the world regardless of race, color, sex/gender, including pregnancy, gender identity and expression, national origin, religion, sexual orientation, disability, age, marital status, citizen status, veteran status, or any other protected classification under applicable law. Thomson Reuters is proud to be an Equal Employment Opportunity Employer providing a drug-free workplace.

Thomson Reuters makes reasonable accommodations for applicants with disabilities, including veterans with disabilities, and for sincerely held religious beliefs in accordance with applicable law. If you reside in the United States and require an accommodation in the recruiting process, you may contact our Human Resources Department at HR.Leave-Expert@thomsonreuters.com. Disability accommodations in the recruiting process may include things like a sign language interpreter, making interview rooms accessible, providing assistive technology, or other relevant accommodations. Please note this email is not intended for general recruitment questions and we will promptly respond to inquiries regarding accommodations. More information on requesting an accommodation here.

Learn more on how to protect yourself from fraudulent job postings here.

More information about Thomson Reuters can be found on thomsonreuters.com"
dFNe1kbjCU8PbHt1AAAAAA==,Senior Machine Learning Engineer - SAIL,Carnegie Mellon University Software Engineering Institute,"Arlington, VA",Arlington,Virginia,US,Full-time,,,,False,,https://www.monster.com/job-openings/senior-machine-learning-engineer-sail-arlington-va--ed2d77cf-ff7d-4550-8a1f-1285e0be2dc5,"At the SEI AI Division, we conduct research in applied artificial intelligence and the engineering questions related to the practical design and implementation of AI technologies and systems. We currently lead a community-wide movement to mature the discipline of AI Engineering for Defense and National Security. As our government customers adopt AI and machine learning to provide leap-ahead mission capabilities, we build real-world, mission-scale AI capabilities through solving practical engineering problems discover and define the processes, practices, and tools to support operationalizing AI for robust, secure, scalable, and human-centered mission capabilities prepare our customers to be ready for the unique challenges of adopting, deploying, using, and maintaining AI capabilities identify and investigate emerging AI and AI-adjacent technologies that are rapidly transforming the technology landscape Are you creative, curious, energetic, collaborative, technology-focused, and hard-working? Are you interested in making a difference by bringing innovation to government organizations and beyond? Apply to join our team. Overview: As a Senior Machine Learning Engineer, you will specialize in engineering solutions that support research into the vulnerabilities of AI and ML algorithms and securing against those vulnerabilities. The Secure AI Lab within the SEI's AI Division focuses on improving the security and robustness of AI systems. As part of the world-class research community at Carnegie Mellon University, the Secure AI Lab conducts and applies cutting-edge research to protect AI systems from adversaries who aim to manipulate the system to learn, do, or reveal something it isn't supposed to. The Secure AI Lab consists of machine learning research scientists, machine learning engineers, and software developers who work together to solve problems in the following areas: Counter AI Research: Study threat models targeting AI and ML algorithms, understand the behaviors of AI algorithms, identify weak points, and design novel ways to subvert AI and ML systems. AI and ML Algorithm Defense Research: Create practical mitigations and defenses for observed attacks affecting AI and ML algorithms and evaluate the effectiveness of defensive techniques. Applied Adversarial Machine Learning: Advance the state of the art in adversarial machine learning by developing and transitioning capabilities to government sponsors. As an engineer, you will solve problems for government sponsors by analyzing, designing, and building responsible AI systems. Your day-to-day engineering tasks will include: Identifying and investigating emerging AI and AI-adjacent technologies. Defining and refining processes, practices, and tools for working with AI. Designing and building well-engineered prototypes of AI systems. Transitioning and providing guidance on AI capabilities to government sponsors. Duties Building Machine Learning Models and Systems: You will work with machine learning frameworks such as TensorFlow, PyTorch, Torch, and Caffe and modern programming languages including Python, C/C++, and Java. You will build and work with data pipelines, ETL processes, and backend systems. You will work with, extend, and implement state-of-the-art machine learning methods.    Technical Experimentation: You will experiment with modern and emerging machine learning frameworks, methods, and algorithms in application domains that include computer vision, natural language processing, planning and scheduling, robot control, and engineering safe, trusted, and reliable machine learning systems. Testing and evaluation. You''ll conduct rapid prototyping to demonstrate and evaluate technologies in relevant environments. You''ll evaluate systems for performance and security. You''ll test capabilities using novel testing and analysis techniques. Collaboration. You''ll actively participate on teams of developers, researchers, designers, and technical leads. You''ll collaborate with researchers and our government customers to understand challenges, needs, and possible solutions. Mentoring. You''ll contribute to improving the overall technical capabilities of the Division by mentoring and teaching others, participating in design (software and otherwise) sessions, and sharing insights and wisdom across the SEI. Knowledge and Experience Comprehensive knowledge of machine learning; previous experience in adversarial machine learning desirable but not required A track record of using well-established engineering practices to solve difficult problems An understanding of how to convert research results into functioning prototypes or capabilities Experience leading technical projects in novel areas with limited previous work to build upon Strong written and verbal communication skills; able to convey complex technical ideas in a layperson's terms Ample experience with publishing written or technical artifacts showcasing your work Strong collaboration skills for working with colleagues and sponsors Willingness to guide and mentor junior team members Requirements A bachelor's degree in computer science, statistics, machine learning, electrical engineering, or related discipline with ten (10) years of experience; OR MS in the same fields with eight (8) years of experience; OR PhD in with five (5) years of experience. Willingness to work onsite 5 days per week at SEI offices in Pittsburgh, PA or Arlington, VA.Be able to obtain and maintain an active Department of War security clearance. Willing to travel up to 25% of the time to locations outside of your home location. Travel sites include SEI offices in Pittsburgh and Washington, D.C., sponsor sites, and conferences. LocationArlington, VA, Pittsburgh, PAJob FunctionSoftware/Applications Development/EngineeringPosition TypeStaff - RegularFull time/Part timeFull timePay BasisSalaryMore Information: Please visit ""Why Carnegie Mellon"" to learn more about becoming part of an institution inspiring innovations that change the world. Click here to view a listing of employee benefitsCarnegie Mellon University is an Equal Opportunity Employer/Disability/Veteran. Statement of Assurance

Skills:
Algorithms, Analysis Skills, Artificial Intelligence (AI), C Programming Language, C++ Programming Language, Calendar Management, Communication Skills, Computer Science, Computer Security, Computer Vision, Conferences, Customer Acquisition, Data Management, Database Extract Transform and Load (ETL), Electrical Engineering, Government, Government Organizations, Java, Leadership, Machine Learning, Mentoring, Natural Language Processing (NLP), Needs Assessment, People Management, Performance Analysis, Presentation/Verbal Skills, Problem Solving Skills, Programming Languages, Prototyping, Python Programming/Scripting Language, Quality Assurance Methodology, Rapid Prototyping, Research Skills, Scientific Research, Software Design, Software Development, Statistics, System Test, Systems Engineering, Team Player, Technical Leadership, Technical Publications, Technical/Engineering Design, Threat Modeling, Training/Teaching, Writing Skills

About the Company:
Carnegie Mellon University Software Engineering Institute"
SRJXRg6TUiw6lIB6AAAAAA==,junior AI & Machine Learning Engineer,SynergisticIT,"Arlington, VA",Arlington,Virginia,US,Full-time,,,,False,,https://lensa.com/job-v1/synergisticit/arlington-va/junior-machine-learning-engineer/92c70de9fe63ad71599085ee44a6ebce,"Applied Everywhere? Still No Interviews or Offers? Let's Fix the Missing Link.""
If you've sent out hundreds-maybe thousands-of applications and your inbox is still silent, it doesn't mean you're not capable. It usually means your profile isn't lining up with how companies filter, shortlist, and interview candidates right now. In today's market, employers expect more than a degree or a few tutorial projects. They want candidates who look job-ready on paper, sound confident in interviews, and demonstrate hands-on ability in the tools teams actually use. That's exactly what SynergisticIT's JOPP is built to solve-because the real challenge isn't learning in isolation. The real challenge is translating learning into interviews and offers.
Since 2010, SynergisticIT has helped thousands of candidates secure full-time roles with leading companies and recognizable brands-think Google, Apple, PayPal, Visa, Western Union, Wells Fargo, Client, Walmart Labs, Client, Banking, Client, Wayfair, and many more-often in the $95k to $154k offer range depending on role, location, and skillset. The purpose of SynergisticIT's JOPP is simple: close the gap between what you know and what employers expect you to prove. That gap is where most bootcamps leave you stranded.
Here's the truth most bootcamps won't say out loud: training alone doesn't win offers. Many programs teach ""just enough to build a demo,"" but employers hire based on whether you can handle real work-clean coding, debugging, teamwork workflows, version control, APIs, cloud basics, deployment pipelines, and the ability to explain what you did. That's why SynergisticIT positions JOPP as a Job Placement Program, not just a bootcamp. The program emphasizes structured skill-building, project depth, resume positioning, interview readiness, and support through the job-search process.
What roles are in demand right now?
A lot of jobseekers assume they must become ""AI experts"" overnight. Not true. Many companies are actively hiring professionals in core roles that run modern software teams. In JOPP, the demand typically includes roles such as entry-level software programmer, Java full stack developer, Python/Java developer, data analyst, data engineer, data scientist, and machine learning/AI engineer. In other words, SynergisticIT focuses on building candidates across Java / Full Stack / DevOps and Data Analytics / Data Engineering / Data Science / ML/AI based on what employers repeatedly request.
Who benefits most from this model?
If you're applying and not seeing results, you're likely in one of these situations:
• You have skills, but your resume doesn't show impact and your projects look generic
• You know tools, but you can't explain them confidently in interviews
• You've learned from courses, but you lack real-world structure and job alignment
• You've built a portfolio, but it doesn't match what hiring managers evaluate
SynergisticIT works especially well for candidates such as: recent grads in CS/Engineering/Math/Stats, jobseekers who were laid off and need an updated stack, career switchers who want a guided plan, candidates with career gaps, people with ""learning but not hired"" bootcamp history, experienced professionals not landing interviews, and international candidates on F1/OPT needing a clear employment pathway. SynergisticIT also supports candidates with guidance around STEM extension, and provides process support for H-1B and Green Card filing once employed (as applicable through employers and standard processes).
If you're reading this and thinking, ""I've already done a bootcamp,"" you're not alone. SynergisticIT often sees candidates join after trying other bootcamps, Udemy/Coursera tracks, or university bootcamps-then realizing the missing piece was job-placement execution. Many programs focus on teaching; SynergisticIT focuses on getting you hired.
If you want to explore the program directly, here are the key links:
• Job Placement Program (JOPP):
• Java Job Placement Program
• Data Science / Data Jobs Program
• Event videos (OCW, JavaOne, Gartner):
• USA Today feature
• Contact Us (Fill the Form): https://www.synergisticit.com/contact-us/
You don't need more random applications. You need a job-ready plan. Start smarter-start with the right support.
Please read our blogs

Why do Tech Companies not Hire recent Computer Science Graduates | SynergisticIT
What Recruiters Look for in Junior Developers | SynergisticIT
Software engineering or Data Science as a career?
How OPT Students Can Land Tech Jobs - SynergisticIT"
A561cuZDWIZt8HIlAAAAAA==,AI/ML Engineer and Data Scientist,Booz Allen Hamilton,"Fort Belvoir, VA",Fort Belvoir,Virginia,US,Full-time,,,,False,2026-06-25 00:00:00+00:00,https://www.linkedin.com/jobs/view/ai-ml-engineer-and-data-scientist-at-booz-allen-hamilton-4423099407,"Job Number: R0241401

AI/ML Engineer and Data Scientist

The Opportunity:

As a data scientist, you’re excited at the prospect of unlocking the secrets held by a data set, and you’re fascinated by the possibilities presented by IoT, machine learning, and artificial intelligence. In an increasingly connected world, massive amounts of structured and unstructured data open new opportunities. As a data scientist at Booz Allen, you can help turn these complex data sets into useful information to solve global challenges. Across private and public sectors—from fraud detection to cancer research to national intelligence—we need you to help find the answers in the data.

On our team, you’ll use your leadership skills and data science expertise to create real-world impact. You’ll work closely with clients to understand their questions and needs and then dig into their data-rich environments to find the pieces of their information puzzle. You’ll guide teammates and lead the development of algorithms and systems. You’ll use the right combination of tools and frameworks to turn sets of disparate data points into objective answers to advise your clients as they make informed decisions. Ultimately, you’ll provide a deep understanding of the data, what it all means, and how it can be used.

Work with us as we use data science for good.

Join us. The world can’t wait.

You Have:  

• 3+ years of experience with statistical and general-purpose programming languages for data analysis
• 3+ years of experience analyzing structured and unstructured data sources
• Experience with data exploration, data cleaning, data analysis, data visualization, or data mining
• Experience developing predictive data models, quantitative analyses and visualization of targeted data sources
• Experience with natural language processing, text mining, or machine learning techniques
• Experience with REST APIs, webhooks, and automation middleware
• Experience integrating enterprise systems, such as Jira, Confluence, APIs, or in-house platforms
• Knowledge of AI and ML workflows leveraging existing AI and ML tools
• TS/SCI clearance
• Bachelor’s degree

Nice If You Have:  

• Experience in the development of algorithms leveraging CDS, Gitlab, CI/CD, Argo CD, R, Python, or SQL and NoSQL
• Experience with distributed data and computing tools, including MapReduce, Hadoop, Hive, EMR, Kafka, Spark, Gurobi, or MySQL 
• Experience with visualization packages, including Palantir, Plotly, Seaborn, or ggplot2
• Master's degree

Clearance: 

Applicants selected will be subject to a security investigation and may need to meet eligibility requirements for access to classified information; TS/SCI clearance is required. 

Compensation

At Booz Allen, we celebrate your contributions, provide you with opportunities and choices, and support your total well-being. Our offerings include health, life, disability, financial, and retirement benefits, as well as paid leave, professional development, tuition assistance, work-life programs, and dependent care. Our recognition awards program acknowledges employees for exceptional performance and superior demonstration of our values. Full-time and part-time employees working at least 20 hours a week on a regular basis are eligible to participate in Booz Allen’s benefit programs. Individuals that do not meet the threshold are only eligible for select offerings, not inclusive of health benefits. We encourage you to learn more about our total benefits by visiting the Resource page on our Careers site and reviewing Our Employee Benefits page.

Salary at Booz Allen is determined by various factors, including but not limited to location, the individual’s particular combination of education, knowledge, skills, competencies, and experience, as well as contract-specific affordability and organizational requirements. The projected compensation range for this position is $99,000.00 to $225,000.00 (annualized USD). The estimate displayed represents the typical salary range for this position and is just one component of Booz Allen’s total compensation package for employees. This posting will close within 90 days from the Posting Date.

Identity Statement

As part of the hiring process, we will ask you to complete an identity verification process that leverages advanced biometrics and artificial intelligence to ensure authenticity and protect against identity fraud. You are expected to be on camera during interviews and assessments. We reserve the right to take your picture to verify your identity and prevent fraud.

Candidate AI Usage Policy

AI is a part of our daily work at Booz Allen, and we are committed to the responsible and ethical use of AI tools. However, we want to ensure a fair candidate process based on your own skills and knowledge. As part of this commitment, the use of artificial intelligence (AI) or other tools to assist with responses during interviews (whether in-person or virtual) is prohibited unless permission is explicitly provided.

Work Model

Our people-first culture prioritizes the benefits of collaboration, whether it occurs in person or virtually. To support engagement and effective communication, employees working virtually are generally expected to have their cameras on during meetings.

• Remote: If this position is listed as remote, there may still be occasions when you are required to work in person at a Booz Allen or customer facility.
• Hybrid: If this position is listed as hybrid, you will be expected to work from a Booz Allen facility frequently, in alignment with leadership expectations and the needs of the role. You may also be required to work from or visit a customer facility.
• Onsite: If this position is listed as onsite, work will primarily be performed at a Booz Allen office or customer facility, where employees will collaborate directly with colleagues and customers as required by the role.

Commitment to Non-Discrimination

All qualified applicants will receive consideration for employment without regard to disability, status as a protected veteran or any other status protected by applicable federal, state, local, or international law."
wnWmbQ4m3cbfZnc4AAAAAA==,Staff Machine Learning Engineer - Generative AI,Xometry,"Gaithersburg, MD",Gaithersburg,Maryland,US,Full-time,140000.0,230000.0,YEAR,False,,https://www.indeed.com/viewjob?jk=ebead57c296dcd57,"Xometry (NASDAQ: XMTR) powers the industries of today and tomorrow by connecting the people with big ideas to the manufacturers who can bring them to life. Xometry's digital marketplace gives manufacturers the critical resources they need to grow their business while also making it easy for buyers at Fortune 1000 companies to tap into global manufacturing capacity.

Xometry is seeking a Staff Machine Learning Engineer to lead our Generative AI efforts. This is a rare opportunity to shape the future of manufacturing by applying cutting-edge AI research to real-world problems: from multimodal document understanding, to extracting structured data from technical drawings, to building new ways of reasoning across text, images, and 3D data. If you're passionate about building state-of-the-art AI systems and want to see your work have immediate business and customer impact, we'd love to talk.

Responsibilities:

• Lead with vision – Set the technical direction for our Generative AI team, establish best practices, and inspire high-impact innovation.

• Drive strategy – Help shape the AI roadmap, identifying the most valuable opportunities to apply generative AI across Xometry's marketplace.

• Build cutting-edge models – Develop and deploy large language and generative models for multimodal document processing and structured data extraction.

• Innovate across modalities – Explore new ways to combine text, images, and 3D data to unlock smarter, faster solutions.

• Engineer at scale – Create data pipelines and training workflows that can handle massive, complex datasets.

• Deploy in the cloud – Use AWS and other platforms to train, optimize, and deploy models into production at scale.

• Collaborate widely – Work with engineers, product leaders, and business teams to bring AI solutions into real products and customer workflows.

• Mentor and grow – Guide teammates on advanced ML methods, model architecture, and best practices, elevating the entire team.

• Stay ahead – Keep up with the latest generative AI and deep learning research, and bring fresh ideas into production.

Qualifications:

• Bachelor's degree required; advanced degree (M.S. or PhD) in Computer Science, Machine Learning, AI, or related field is a big plus.

• 5+ years of experience in machine learning or data science, with deep expertise in generative models, LLMs, or computer vision.

• Strong track record working with large-scale language and vision models (Transformers, GPT, VLMs).

• Hands-on experience with multimodal data (text, images, 3D).

• Proficiency in Python and key ML libraries (PyTorch, TensorFlow, pandas, NumPy).

• Solid grounding in probability, statistics, and optimization for generative modeling.

• Experience deploying ML and AI models using cloud microservice architecture (AWS preferred).

• Strong software engineering skills, including object oriented programming, testing, version control, CI/CD best practices and IaC (terraform preferred).

• A proven ability to communicate effectively with all levels of the organization, from executives to product managers and various stakeholders.

• Background in manufacturing, supply chain, or related industries is a plus — but curiosity and drive matter more.

• Must be a U.S. Citizen or Green Card holder (ITAR compliance)

The estimated base salary range for new hires into this role is $140,000-$230,000 annually + annual bonus depending on factors such as job-related skills, relevant experience, and location. We also offer a competitive benefits package, including 401(k) match, medical, dental and vision insurance; life and disability insurance; generous paid time off including vacation, sick leave, floating and fixed holidays, maternity and bonding leave; EAP, other wellbeing resources; and much more.

#LI-Hybrid

Xometry is an equal opportunity employer. All applicants will be considered for employment without attention to race, color, religion, sex, sexual orientation, gender identity, national origin, veteran, or disability status.

For US based roles: Xometry participates in E-Verify and after a job offer is accepted, will provide the federal government with your Form I-9 information to confirm that you are authorized to work in the U.S."
AhS0RRbXGp__fduhAAAAAA==,Senior Software Engineer - Machine Learning & Cloud Technologies,CACI,"Linthicum Heights, MD",Linthicum Heights,Maryland,US,Full-time,,,,False,,https://searchcareers.caci.com/careers/job/1443149539617,"Job Title: Senior Software Engineer - Machine Learning & Cloud Technologies

Job Category: Engineering

Time Type: Full time

Minimum Clearance Required to Start: TS/SCI with Polygraph

Employee Type: Regular

Percentage of Travel Required: None

Type of Travel: None

* * *

The Opportunity:

Join our dynamic team as a Software Engineer where you will play a pivotal role in developing, maintaining, and enhancing complex and diverse software systems. Whether working independently or as part of a collaborative team, you will contribute to innovative solutions that drive our mission forward. If you are passionate about software development, machine learning, and cloud technologies than this is an ideal role for you!

Responsibilities

* Data Pipelines: Implement and refactor data pipelines at scale to improve efficiency and code correctness.

* Tool Enhancement: Monitor and enhance existing data science tools to facilitate the transition from development to production systems.

* ML Analytics: Design, implement, and enhance machine learning analytics using Python libraries such as PyTorch, NumPy, Pandas, and Scikit-learn.

* Model Management: Train, test, track, and curate models using industry-standard tools and practices.

* CI/CD: Integrate GitOps for continuous integration and deployment of models using Docker and Kubernetes.

* Cloud Services: Utilize AWS services such as EC2, S3, and RDS for building and deploying applications.

* System Integration: Integrate model and tool outputs within Computer Network Defense (CND) systems to enhance Security Management/Monitoring services.

* Documentation: Document all processes and code, and provide comprehensive reports on completed tasks.

* This position sits 50% of the time at our Laurel and 50% at our Linthicum Heights, MD locations.

Qualifications

Required:

* Active TS/SCI w/ Polygraph

* Experience with Python

* Experience with Docker and/or Kubernetes

* 14 years’ experience as a Software Engineer in programs and contracts of similar scope, type, and complexity, or a Bachelor’s degree in Computer Science or a related discipline plus 4 years of additional SWE experience.

* Bachelor’s degree in Computer Science or a related discipline from an accredited college or university is required. Alternatively, 4 years of additional Software Engineering experience on projects with similar software processes may substitute for a bachelor’s degree.

Desired:

* Experience with AWS

* Experience with Machine Learning

This position is contingent on funding and may not be filled immediately. However, this position is representative of positions within CACI that are consistently available. Individuals who apply may also be considered for other positions at CACI.

What You Can Expect:

A culture of integrity.

At CACI, we place character and innovation at the center of everything we do. As a valued team member, you’ll be part of a high-performing group dedicated to our customer’s missions and driven by a higher purpose – to ensure the safety of our nation.

An environment of trust.

CACI values the unique contributions that every employee brings to our company and our customers - every day. You’ll have the autonomy to take the time you need through a unique flexible time off benefit and have access to robust learning resources to make your ambitions a reality.

A focus on continuous growth.

Together, we will advance our nation's most critical missions, build on our lengthy track record of business success, and find opportunities to break new ground — in your career and in our legacy.

Pay Range:

There are a host of factors that can influence final salary including, but not limited to, geographic location, Federal Government contract labor categories and contract wage rates, relevant prior work experience, specific skills and competencies, education, and certifications. Our employees value the flexibility at CACI that allows them to balance quality work and their personal lives. We offer competitive compensation, benefits and learning and development opportunities. Our broad and competitive mix of benefits options is designed to support and protect employees and their families. At CACI, you will receive comprehensive benefits such as; healthcare, wellness, financial, retirement, family support, continuing education, and time off benefits.

The proposed salary range for this position is:

$131,800 - $290,000

CACI is an Equal Opportunity Employer. All qualified applicants will receive consideration for employment without regard to race, color, religion, sex, pregnancy, sexual orientation, age, national origin, disability, status as a protected veteran, or any other protected characteristic."
5gMWrG-8_kQDvKj9AAAAAA==,Artificial Intelligence/Machine Learning Engineer,EverWatch,"Annapolis Junction, MD",Annapolis Junction,Maryland,US,Full-time,,,,False,,https://www.linkedin.com/jobs/view/artificial-intelligence-machine-learning-engineer-at-everwatch-4414176844,"Job Title

Artificial Intelligence/Machine Learning Engineer

Overview

EverWatch is a government solutions company providing advanced defense, intelligence, and deployed support to our country’s most critical missions. We are a full-service government solutions company. Harnessing the most advanced technology and solutions, we strengthen defenses and control environments to preserve continuity and ensure mission success.

EverWatch employees are focused on tackling the most difficult challenges of the US Government. We offer the best salaries and benefits packages in our industry - to identify and retain the top talent in support of our critical mission objectives.

Commitment To Non-Discrimination

All qualified applicants will receive consideration for employment without regard to disability, status as a protected veteran or any other status protected by applicable federal, state, local, or international law.

Responsibilities

Cyber and intelligence analysts rely on multi‑step workflows that are time‑sensitive, detail‑rich, and critical to national security. As an Artificial Intelligence/Machine Learning Engineer, you will work directly with mission users to capture these workflows, document operational decision points, and translate them into effective AI‑enabled capabilities.

You will design and implement solutions that may include LLM‑powered workflows, agent‑based automation, or hybrid approaches depending on mission needs. Your work will streamline analytical tasks, improve data accessibility, and support rapid, informed decision‑making in high‑tempo environments.

You’ll collaborate with operators, analysts, developers, and mission leadership to ensure solutions integrate cleanly with existing systems, perform reliably in production, and adhere to the security and governance expectations of classified environments.

Join us. The world can’t wait.

Qualifications

You Have:

• Experience capturing user workflows and translating them into structured process maps, automation requirements, or executable logic
• Experience designing or implementing LLM‑based or agentic workflows, including multi‑step reasoning, tool integrations, and orchestration
• Experience integrating AI systems with APIs, enterprise data stores, or mission platforms
• Experience with programming languages such as Python
• TS/SCI clearance with a polygraph
• Bachelor’s degree and 3+ years of experience in AI/ML engineering, data science, or software engineering within cyber, intelligence, or national security environments or 6+ years of experience in AI/ML engineering, data science, or software engineering within cyber, intelligence, or national security environments in lieu of a degree

Nice If You Have

• Experience engineering AI capabilities in on‑premise or multi‑classification environments
• Experience with AWS or Azure, including work in restricted or classified environments
• Experience with AI/LLM development framework such as LangChain, LangGraph, PydanticAI, or CrewAI
• Experience with ML frameworks such as PyTorch, TensorFlow, vLLM, or llama.cpp
• Experience with cyber or intelligence workflows, operational data types, or mission‑oriented analytical processes
• Master’s degree in AI, ML, Data Science, Cybersecurity, or Engineering

Clearance

Applicants selected will be subject to a security investigation and may need to meet eligibility requirements for access to classified information ; TS/SCI clearance with a polygraph is required . 

Compensation at EverWatch is determined by various factors, including but not limited to location, the individual’s particular combination of education, knowledge, skills, competencies, and experience, as well as contract-specific affordability and organizational requirements. The projected compensation range for this position is $47.60 to $108.18 per hour. The estimate displayed represents the typical compensation range for this position and is just one component of EverWatch’s total compensation package for employees.

Clearance Level

TS/SCI CIP

Job Locations

US-MD-Annapolis Junction

Skills

AI/ML, LLM, API, Python"
SJftinYVn-rFa6nVAAAAAA==,A/AI Machine Learning Engineer- Early Career,Lockheed Martin Corporation,United States,,,US,Full-time,,,,False,2026-06-23 00:00:00+00:00,https://www.dice.com/job-detail/40a462dd-13a7-4cb3-9036-c560f2463b57,"Job Description

At Lockheed Martin we keep people safe and solve the world's most complex challenges. Our people are some of the greatest minds in the industry and truly make Lockheed Martin a great place to work. With our employees as our priority, we provide career opportunities designed to propel development and boost agility. Our flexible schedules, competitive pay, and comprehensive benefits enable our employees to live a healthy, fulfilling life at and outside of work. This is a place for engineers, scientists, and problem-solvers who are ready to engage deeply, think critically, and build with purpose. You will not just launch a career. You will be part of something bigger. This is where the best are built.

The Lockheed Martin Artificial Intelligence Center (LAIC) is seeking a highly skilled early career professional to head the AI Consulting portfolio, a role that requires a unique blend of technical expertise in software engineering and AI/ML, as well as strong business acumen and communication skills. This is an exciting opportunity to lead the development and deployment of AI solutions that can drive business value and innovation across the Lockheed Martin enterprise. With a focus on collaboration, innovation, and technical expertise, this role is perfect for a seasoned professional looking to make a significant impact in the field of AI.

Basic Qualifications

Bachelor's Degree in Engineering, Computer
Science from an accredited college in a related
discipline, or equivalent experience
Previous experience building machine learning
models by way of work, projects, courses, etc.
Experience with developing software and
software engineering best practices, specifically python.
Must have strong problem-solving skills,
business acumen, and demonstrated excellent
oral and written communication skills.

Desired skills

Expertise in natural language processing.
Expertise applying deep learning, especially
CNNs, RNNS, LSTMs, and reinforcement learning
Experience with integration of data products
into customer applications.
Experience with or knowledge of data
engineering.
Experience with or knowledge of AWS or other cloud providers
Experience with or expertise in manufacturing
and/or engineering processes.
Story-telling and data visualization.
Proficiency in Python.

EEO

Lockheed Martin is an equal opportunity employer. Qualified candidates will be considered without regard to legally protected characteristics.
The application window will close in 90 days; applicants are encouraged to apply within 5 - 30 days of the requisition posting date in order to receive optimal consideration.

*

At Lockheed Martin, we use our passion for purposeful innovation to help keep people safe and solve the world's most complex challenges. Our people are some of the greatest minds in the industry and truly make Lockheed Martin a great place to work.

With our employees as our priority, we provide diverse career opportunities designed to propel, develop, and boost agility. Our flexible schedules, competitive pay, and comprehensive benefits enable our employees to live a healthy, fulfilling life at and outside of work. We place an emphasis on empowering our employees by fostering an inclusive environment built upon integrity and corporate responsibility.

If this sounds like a culture you connect with, you're invited to apply for this role. Or, if you are unsure whether your experience aligns with the requirements of this position, we encourage you to search on Lockheed Martin Jobs, and apply for roles that align with your qualifications.

Other Important Information

By applying to this job, you are expressing interest in this position and could be considered for other career opportunities where similar skills and requirements have been identified as a match. Should this match be identified you may be contacted for this and future openings.

Ability to work remotely

Full-time Remote Telework: The employee selected for this position will work remotely full time at a location other than a Lockheed Martin designated office/job site. Employees may travel to a Lockheed Martin office for periodic meetings.

Work Schedule Information

Lockheed Martin supports a variety of alternate work schedules that provide additional flexibility to our employees. Schedules range from standard 40 hours over a five day work week while others may be condensed. These condensed schedules provide employees with additional time away from the office and are in addition to our Paid Time off benefits.

National Pay Statement

Pay Rate: The annual base salary range for this position in California, Massachusetts, and New York (excluding most major metropolitan areas), Colorado, Hawaii, Illinois, Maryland, Minnesota, New Jersey, Vermont, Washington or Washington DC is $73,200 - $129,030. For states not referenced above, the salary range for this position will reflect the candidate's final work location. Please note that the salary information is a general guideline only. Lockheed Martin considers factors such as (but not limited to) scope and responsibilities of the position, candidate's work experience, education/ training, key skills as well as market and business considerations when extending an offer.
Benefits offered: Medical, Dental, Vision, Life Insurance, Short-Term Disability, Long-Term Disability, 401(k) match, Flexible Spending Accounts, EAP, Education Assistance, Parental Leave, Paid time off, and Holidays.
(Washington state applicants only) Non-represented full-time employees: accrue at least 10 hours per month of Paid Time Off (PTO) to be used for incidental absences and other reasons; receive at least 90 hours for holidays. Represented full time employees accrue 6.67 hours of Vacation per month; accrue up to 52 hours of sick leave annually; receive at least 96 hours for holidays. PTO, Vacation, sick leave, and holiday hours are prorated based on start date during the calendar year.
This position is incentive plan eligible.

Premium Pay Statement

Pay Rate: The annual base salary range for this position in most major metropolitan areas in California, Massachusetts, and New York is $84,200 - $145,935. For states not referenced above, the salary range for this position will reflect the candidate's final work location. Please note that the salary information is a general guideline only. Lockheed Martin considers factors such as (but not limited to) scope and responsibilities of the position, candidate's work experience, education/ training, key skills as well as market and business considerations when extending an offer.
Benefits offered: Medical, Dental, Vision, Life Insurance, Short-Term Disability, Long-Term Disability, 401(k) match, Flexible Spending Accounts, EAP, Education Assistance, Parental Leave, Paid time off, and Holidays.
This position is incentive plan eligible."
qNIFcfzyIpW6MXSwAAAAAA==,Software Engineer Subject Matter Expert / AI & Machine Learning Engineer,Staffed4U,"Chantilly, VA",Chantilly,Virginia,US,Full-time,,,,False,,https://www.indeed.com/viewjob?jk=b00365d3b1b46cf7,"Software Engineer Subject Matter Expert / AI & Machine Learning Engineer
Location: Chantilly, Virginia
Security Clearance: Active TS/SCI with Polygraph Required
Job Type: Full-Time

Position Overview

The selected candidate will serve as a senior technical authority supporting the design, development, integration, and maintenance of advanced software, artificial intelligence, and machine learning solutions within a secure mission environment. This role requires extensive expertise in software engineering, systems analysis, cloud technologies, and AI/ML methodologies supporting complex operational and technical requirements.

Minimum Qualifications

• Bachelor’s degree and a minimum of sixteen (16) years of relevant experience; OR

• Twenty-one (21) years of related professional experience in lieu of a degree

• Minimum of sixteen (16) years of software engineering, artificial intelligence, or machine learning experience

• Active Top Secret/Sensitive Compartmented Information (TS/SCI) clearance with Polygraph

• Demonstrated experience leading complex technical and operational initiatives

Duties and Responsibilities

• Design, develop, test, and maintain enterprise software and AI/ML systems

• Analyze software and system requirements to develop technical solutions supporting operational objectives

• Evaluate and improve software performance, scalability, reliability, and maintainability

• Develop system specifications, technical documentation, and implementation plans

• Coordinate with engineers, analysts, developers, and stakeholders to support system integration and deployment

• Modify and enhance existing software applications to improve functionality and resolve technical issues

• Analyze interfaces between hardware and software systems and define performance requirements

• Support installation, configuration, testing, and maintenance of software systems and applications

• Develop and maintain applications within cloud-based environments, including modernization of legacy systems

• Estimate software development schedules, technical risks, and resource requirements

• Apply analytical, mathematical, and engineering methods to evaluate system performance and software outcomes

• Lead AI and machine learning initiatives including model development, data analysis, automation, and predictive analytics

• Provide technical leadership, mentoring, and guidance to engineering and development teams

• Support troubleshooting, root cause analysis, and resolution of highly complex technical issues

Required Knowledge, Skills, and Abilities

• Expert knowledge of software engineering principles, artificial intelligence, machine learning, programming, and systems analysis

• Experience developing applications in cloud and enterprise environments

• Ability to analyze user requirements and translate them into scalable technical solutions

• Experience with software testing, debugging, and performance optimization

• Strong analytical, organizational, and problem-solving skills

• Excellent written and verbal communication skills

• Ability to lead technical teams and collaborate across multidisciplinary environments

Preferred Technical Experience

Experience or familiarity with one or more of the following technologies or tools is desirable:

• Programming languages and software development frameworks

• Web application development technologies including HTML, JavaScript, Apache Struts, and Ruby on Rails

• Software testing, usability testing, and defect tracking tools including Mercury Interactive LoadRunner

• Source code editors and software development environments

• Desktop computing systems, high-end servers, and application server technologies

About the Organization

A dynamic, quality-focused small business providing innovative and mission-oriented solutions to government and commercial customers. The organization supports defense, intelligence, civilian, and commercial sectors through a team of experienced professionals and subject matter experts.

Benefits Summary

Our client offers a comprehensive benefits package to support employee well-being, financial security, professional growth, and work-life balance. Benefits may include:

• Flexible Time Off

Employees are encouraged to manage their time responsibly while meeting work requirements and maintaining productivity.

• Hybrid Work Environment

Flexible work arrangements may include a combination of remote and onsite work opportunities based on operational needs.

• Retirement Savings Plan

Retirement benefits may include participation in a 401(k) savings program with employer contributions.

• Paid Parental Leave

Paid leave is available to support employees welcoming a new child through birth, adoption, or foster placement.

• Comprehensive Health Coverage

Medical, dental, vision, and other healthcare benefit options are available to support individual and family healthcare needs.

• Professional Development and Continuing Education

Opportunities for continued learning, certifications, and job-related training are available to support career growth and advancement.

We are an Equal Opportunity Employer. We celebrate diversity and are committed to creating an inclusive environment for all employees. All qualified applicants will receive consideration for employment without regard to race, color, religion, sex, sexual orientation, gender identity or expression, national origin, age, disability, veteran status, or any other protected status under applicable law."
